<?xml version="1.0"?>
<!--<!DOCTYPE metadata SYSTEM "http://www.esri.com/metadata/esriprof80.dtd">-->
<metadata xml:lang="fi"><Esri><CreaDate>20140812</CreaDate><CreaTime>10550400</CreaTime><SyncOnce>TRUE</SyncOnce><DataProperties><lineage><Process ToolSource="C:\Program Files\ArcGIS\ArcToolbox\Toolboxes\Data Management Tools.tbx\Project" Date="20111007" Time="231440">Project C:\TUULI\OPETUS_HY\GI_MENETELMAT\GIMK_2010\Harkat\Harjoitus5\harjoitus5\Helsinki\l_jasema_region.shp C:\TUULI\OPETUS_HY\GI_MENETELMAT\GIMK2011\harkat\Harjoitus5B\Data\Juna_as.shp PROJCS['Finland_Zone_2',GEOGCS['GCS_KKJ',DATUM['D_KKJ',SPHEROID['International_1924',6378388.0,297.0]],PRIMEM['Greenwich',0.0],UNIT['Degree',0.0174532925199433]],PROJECTION['Gauss_Kruger'],PARAMETER['False_Easting',2500000.0],PARAMETER['False_Northing',0.0],PARAMETER['Central_Meridian',24.0],PARAMETER['Scale_Factor',1.0],PARAMETER['Latitude_Of_Origin',0.0],UNIT['Meter',1.0]] # PROJCS['KKJ / Finland zone 2',GEOGCS['Kartasto66',DATUM['D_Kartasto66',SPHEROID['International_1924',6378388.0,297.0000000000601]],PRIMEM['Greenwich',0.0],UNIT['Degree',0.0174532925199433]],PROJECTION['Transverse_Mercator'],PARAMETER['false_easting',2500000.0],PARAMETER['false_northing',0.0],PARAMETER['central_meridian',24.0],PARAMETER['scale_factor',1.0],PARAMETER['latitude_of_origin',0.0],UNIT['Meter',1.0]]</Process></lineage></DataProperties><ArcGISFormat>1.0</ArcGISFormat></Esri></metadata>
